"Activity Date","Process Date","Settle Date","Instrument","Description","Trans Code","Quantity","Price","Amount"
"12/31/2024","12/31/2024","12/31/2024","","Interest Payment","INT","","","$0.01"
"12/2/2024","12/2/2024","12/2/2024","","Gold Subscription Fee","GOLD","","","($5.00)"
"11/29/2024","11/29/2024","11/29/2024","","Interest Payment","INT","","","$0.02"
"11/4/2024","11/4/2024","11/4/2024","","Gold Subscription Fee","GOLD","","","($5.00)"
"10/31/2024","10/31/2024","10/31/2024","","Interest Payment","INT","","","$0.04"
"10/3/2024","10/3/2024","10/3/2024","","Gold Subscription Fee","GOLD","","","($5.00)"
"9/30/2024","9/30/2024","9/30/2024","","Interest Payment","INT","","","$0.07"
"9/3/2024","9/3/2024","9/3/2024","","Gold Subscription Fee","GOLD","","","($5.00)"
"8/30/2024","8/30/2024","8/30/2024","","Interest Payment","INT","","","$0.09"
"8/5/2024","8/5/2024","8/5/2024","","Gold Subscription Fee","GOLD","","","($5.00)"
"7/31/2024","7/31/2024","7/31/2024","","Interest Payment","INT","","","$2.75"
"7/8/2024","7/8/2024","7/8/2024","","Instant bank transfer - account ending in 7929","RTP","","","($2,800.12)"
"7/8/2024","7/8/2024","7/8/2024","","Instant bank transfer - withdrawal fee","RTP","","","($49.88)"
"7/5/2024","7/5/2024","7/5/2024","","External debit card transfer - withdrawal fee","DCF","","","($1.35)"
"7/5/2024","7/5/2024","7/5/2024","","External debit card transfer - account ending in 8441","DCF","","","($75.65)"
"7/5/2024","7/5/2024","7/8/2024","AVGO","AVGO 7/5/2024 Put $1,725.00","STC","1","$13.40","$1,339.92"
"7/5/2024","7/5/2024","7/8/2024","SMCI","SMCI 7/5/2024 Put $845.00","STC","1","$7.20","$719.93"
"7/5/2024","7/5/2024","7/8/2024","SMCI","SMCI 7/5/2024 Call $870.00","STC","1","$3.20","$319.95"
"7/5/2024","7/5/2024","7/8/2024","SMCI","SMCI 7/5/2024 Call $870.00","STC","1","$3.30","$329.95"
"7/5/2024","7/5/2024","7/8/2024","SMCI","SMCI 7/5/2024 Put $845.00","BTO","1","$5.70","($570.03)"
"7/5/2024","7/5/2024","7/8/2024","COIN","COIN 7/5/2024 Call $230.00","STC","1","$0.07","$6.95"
"7/5/2024","7/5/2024","7/8/2024","SMCI","SMCI 7/5/2024 Call $870.00","BTO","2","$8.00","($1,600.06)"
"7/5/2024","7/5/2024","7/8/2024","ARM","ARM 7/5/2024 Call $180.00","STC","3","$0.53","$158.89"
"7/5/2024","7/5/2024","7/8/2024","AVGO","AVGO 7/5/2024 Put $1,725.00","BTO","1","$5.40","($540.03)"
"7/5/2024","7/5/2024","7/8/2024","ARM","ARM 7/5/2024 Call $180.00","BTO","3","$1.40","($420.09)"
"7/5/2024","7/5/2024","7/5/2024","","Gold Subscription Fee","GOLD","","","($5.00)"
"7/3/2024","7/3/2024","7/5/2024","COIN","COIN 7/5/2024 Call $230.00","STC","2","$1.50","$299.92"
"7/3/2024","7/3/2024","7/5/2024","COIN","COIN 7/5/2024 Call $230.00","STC","3","$1.45","$434.88"
"7/3/2024","7/3/2024","7/5/2024","SPY","SPY 7/3/2024 Call $550.00","STC","1","$0.44","$43.95"
"7/3/2024","7/3/2024","7/5/2024","SPY","SPY 7/3/2024 Call $550.00","STC","4","$0.53","$211.86"
"7/3/2024","7/3/2024","7/5/2024","SPY","SPY 7/3/2024 Call $550.00","STC","6","$0.56","$335.79"
"7/3/2024","7/3/2024","7/5/2024","SPY","SPY 7/3/2024 Call $550.00","BTO","2","$0.47","($94.06)"
"7/3/2024","7/3/2024","7/5/2024","COIN","COIN 7/5/2024 Call $230.00","BTO","1","$1.37","($137.03)"
"7/3/2024","7/3/2024","7/5/2024","SPY","SPY 7/3/2024 Call $550.00","STC","9","$0.50","$449.68"
"7/3/2024","7/3/2024","7/5/2024","SPY","SPY 7/3/2024 Call $550.00","BTO","13","$0.43","($559.39)"
"7/3/2024","7/3/2024","7/5/2024","SPY","SPY 7/3/2024 Call $550.00","BTO","5","$0.43","($215.15)"
"7/3/2024","7/3/2024","7/5/2024","TSLA","TSLA 7/5/2024 Call $250.00","STC","1","$2.37","$236.95"
"7/3/2024","7/3/2024","7/5/2024","TSLA","TSLA 7/5/2024 Call $250.00","STC","1","$2.84","$283.95"
"7/3/2024","7/3/2024","7/5/2024","TSLA","TSLA 7/5/2024 Call $250.00","STC","1","$2.84","$283.95"
"7/3/2024","7/3/2024","7/5/2024","TSLA","TSLA 7/5/2024 Call $250.00","STC","1","$3.00","$299.95"
"7/3/2024","7/3/2024","7/5/2024","TSLA","TSLA 7/5/2024 Call $250.00","STC","1","$3.00","$299.95"
"7/3/2024","7/3/2024","7/5/2024","TSLA","TSLA 7/5/2024 Call $250.00","BTO","5","$2.25","($1,125.15)"
"7/3/2024","7/3/2024","7/5/2024","COIN","COIN 7/5/2024 Call $230.00","BTO","5","$1.90","($950.15)"
"7/2/2024","7/2/2024","7/3/2024","SMCI","SMCI 7/5/2024 Call $900.00","STC","1","$5.07","$506.94"
"7/2/2024","7/2/2024","7/3/2024","SMCI","SMCI 7/5/2024 Call $900.00","STC","2","$5.10","$1,019.90"
"7/2/2024","7/2/2024","7/3/2024","SMCI","SMCI 7/5/2024 Call $900.00","BTO","2","$3.80","($760.06)"
"7/2/2024","7/2/2024","7/3/2024","SMCI","SMCI 7/5/2024 Call $900.00","STC","1","$5.50","$549.94"
"7/2/2024","7/2/2024","7/3/2024","SMCI","SMCI 7/5/2024 Call $900.00","STC","1","$4.70","$469.94"
"7/2/2024","7/2/2024","7/3/2024","SMCI","SMCI 7/5/2024 Call $900.00","BTO","2","$3.50","($700.06)"
"7/1/2024","7/1/2024","7/2/2024","SMCI","SMCI 7/5/2024 Call $900.00","BTO","1","$5.60","($560.03)"
"7/1/2024","7/1/2024","7/2/2024","SPY","SPY 7/1/2024 Call $545.00","STC","5","$1.03","$514.82"
"7/1/2024","7/1/2024","7/2/2024","SPY","SPY 7/1/2024 Call $545.00","STC","5","$1.10","$549.82"
"7/1/2024","7/1/2024","7/2/2024","SPY","SPY 7/1/2024 Call $545.00","BTO","10","$0.88","($880.30)"
"7/1/2024","7/1/2024","7/2/2024","TSLA","TSLA 7/5/2024 Call $207.50","STC","1","$4.65","$464.94"
"7/1/2024","7/1/2024","7/2/2024","TSLA","TSLA 7/5/2024 Call $207.50","STC","1","$4.80","$479.94"
"7/1/2024","7/1/2024","7/2/2024","TSLA","TSLA 7/5/2024 Call $207.50","BTO","2","$3.59","($718.06)"
"6/28/2024","6/28/2024","6/28/2024","","Interest Payment","INT","","","$2.97"
"6/28/2024","6/28/2024","7/1/2024","SPY","SPY 7/1/2024 Call $547.00","STC","2","$0.41","$81.92"
"6/28/2024","6/28/2024","7/1/2024","SPY","SPY 7/1/2024 Call $547.00","BTO","2","$0.71","($142.06)"
"6/28/2024","6/28/2024","7/1/2024","SPY","SPY 6/28/2024 Put $549.00","STC","1","$1.70","$169.95"
"6/28/2024","6/28/2024","7/1/2024","SPY","SPY 6/28/2024 Put $549.00","STC","1","$1.69","$168.95"
"6/28/2024","6/28/2024","7/1/2024","SPY","SPY 6/28/2024 Put $549.00","STC","3","$1.72","$515.88"
"6/28/2024","6/28/2024","7/1/2024","SPY","SPY 6/28/2024 Put $549.00","STC","1","$1.34","$133.95"
"6/28/2024","6/28/2024","7/1/2024","SPY","SPY 6/28/2024 Put $549.00","STC","4","$1.34","$535.85"
"6/28/2024","6/28/2024","7/1/2024","SPY","SPY 6/28/2024 Put $549.00","BTO","10","$0.79","($790.30)"
"6/28/2024","6/28/2024","7/1/2024","ARM","ARM 6/28/2024 Call $170.00","STC","6","$0.93","$557.78"
"6/28/2024","6/28/2024","7/1/2024","ARM","ARM 6/28/2024 Call $170.00","BTO","6","$1.35","($810.18)"
"6/27/2024","6/27/2024","6/27/2024","","Interest Payment","INT","","","$3.63"
"6/27/2024","6/27/2024","6/28/2024","SMCI","SMCI 7/5/2024 Call $1,000.00","STC","1","$8.80","$879.93"
"6/27/2024","6/27/2024","6/28/2024","SMCI","SMCI 7/5/2024 Call $1,000.00","BTO","1","$7.80","($780.03)"
"6/27/2024","6/27/2024","6/28/2024","SPY","SPY 6/27/2024 Put $546.00","STC","2","$1.04","$207.92"
"6/27/2024","6/27/2024","6/28/2024","SPY","SPY 6/27/2024 Put $546.00","STC","3","$1.36","$407.88"
"6/27/2024","6/27/2024","6/28/2024","SPY","SPY 6/27/2024 Put $546.00","BTO","5","$0.88","($440.15)"
"6/27/2024","6/27/2024","6/27/2024","","External debit card transfer - withdrawal fee","DCF","","","($35.00)"
"6/27/2024","6/27/2024","6/27/2024","","External debit card transfer - account ending in 8441","DCF","","","($1,965.00)"
"6/26/2024","6/26/2024","6/26/2024","","External debit card transfer - account ending in 8441","DCF","","","($183.38)"
"6/26/2024","6/26/2024","6/26/2024","","External debit card transfer - withdrawal fee","DCF","","","($3.27)"
"6/26/2024","6/26/2024","6/27/2024","SPY","SPY 6/26/2024 Put $543.00","STC","4","$0.73","$291.86"
"6/26/2024","6/26/2024","6/27/2024","SPY","SPY 6/26/2024 Put $543.00","STC","4","$0.73","$291.86"
"6/26/2024","6/26/2024","6/27/2024","SPY","SPY 6/26/2024 Put $543.00","STC","10","$0.81","$809.64"
"6/26/2024","6/26/2024","6/27/2024","SPY","SPY 6/26/2024 Put $543.00","STC","17","$0.84","$1,427.40"
"6/26/2024","6/26/2024","6/27/2024","SPY","SPY 6/26/2024 Put $543.00","BTO","20","$0.42","($840.60)"
"6/26/2024","6/26/2024","6/27/2024","SPY","SPY 6/26/2024 Put $543.00","BTO","7","$0.51","($357.21)"
"6/26/2024","6/26/2024","6/27/2024","SPY","SPY 6/26/2024 Put $543.00","BTO","8","$0.51","($408.24)"
"6/26/2024","6/26/2024","6/27/2024","SMCI","SMCI 6/28/2024 Call $900.00","STC","1","$6.50","$649.94"
"6/25/2024","6/25/2024","6/26/2024","SMCI","SMCI 6/28/2024 Call $900.00","STC","1","$8.80","$879.93"
"6/25/2024","6/25/2024","6/26/2024","NVDA","NVDA 6/28/2024 Call $125.00","STC","1","$3.05","$304.95"
"6/25/2024","6/25/2024","6/26/2024","NVDA","NVDA 6/28/2024 Call $125.00","STC","1","$2.69","$268.95"
"6/25/2024","6/25/2024","6/26/2024","NVDA","NVDA 6/28/2024 Call $125.00","STC","1","$2.55","$254.95"
"6/25/2024","6/25/2024","6/26/2024","NVDA","NVDA 6/28/2024 Call $125.00","BTO","1","$2.09","($209.03)"
"6/25/2024","6/25/2024","6/26/2024","NVDA","NVDA 6/28/2024 Call $125.00","BTO","1","$2.09","($209.03)"
"6/25/2024","6/25/2024","6/26/2024","NVDA","NVDA 6/28/2024 Call $125.00","BTO","1","$2.09","($209.03)"
"6/25/2024","6/25/2024","6/26/2024","SMCI","SMCI 6/28/2024 Call $900.00","BTO","1","$9.80","($980.03)"
"6/24/2024","6/24/2024","6/25/2024","SPY","SPY 6/24/2024 Call $545.00","STC","1","$2.02","$201.95"
"6/24/2024","6/24/2024","6/25/2024","SPY","SPY 6/24/2024 Call $545.00","STC","1","$1.71","$170.95"
"6/24/2024","6/24/2024","6/25/2024","SPY","SPY 6/24/2024 Call $545.00","STC","1","$1.61","$160.95"
"6/24/2024","6/24/2024","6/25/2024","SPY","SPY 6/24/2024 Call $545.00","BTO","3","$0.78","($234.09)"
"6/24/2024","6/24/2024","6/25/2024","SMCI","SMCI 6/28/2024 Call $900.00","BTO","1","$26.00","($2,600.03)"
"6/24/2024","6/24/2024","6/25/2024","SMCI","SMCI 6/28/2024 Call $950.00","STC","1","$11.50","$1,149.92"
"6/24/2024","6/24/2024","6/25/2024","SMCI","SMCI 6/28/2024 Call $950.00","BTO","1","$14.50","($1,450.03)"
"6/21/2024","6/21/2024","6/24/2024","NVDA","NVDA 6/21/2024 Call $128.00","STC","1","$2.00","$199.95"
"6/21/2024","6/21/2024","6/24/2024","NVDA","NVDA 6/21/2024 Call $128.00","STC","2","$2.55","$509.91"
"6/21/2024","6/21/2024","6/24/2024","NVDA","NVDA 6/21/2024 Call $128.00","STC","3","$2.19","$656.88"
"6/21/2024","6/21/2024","6/24/2024","NVDA","NVDA 6/21/2024 Call $128.00","STC","6","$1.95","$1,169.76"
"6/21/2024","6/21/2024","6/24/2024","SMCI","SMCI 6/21/2024 Put $870.00","STC","2","$2.30","$459.91"
"6/21/2024","6/21/2024","6/24/2024","NVDA","NVDA 6/21/2024 Call $128.00","BTO","12","$0.91","($1,092.36)"
"6/21/2024","6/21/2024","6/24/2024","AMZN","AMZN 6/21/2024 Call $190.00","STC","19","$0.13","$246.37"
"6/21/2024","6/21/2024","6/24/2024","AMZN","AMZN 6/21/2024 Call $190.00","STC","21","$0.13","$272.30"
"6/21/2024","6/21/2024","6/24/2024","SMCI","SMCI 6/21/2024 Put $870.00","BTO","2","$10.90","($2,180.06)"
"6/21/2024","6/21/2024","6/24/2024","AMZN","AMZN 6/21/2024 Call $190.00","BTO","1","$0.25","($25.03)"
"6/21/2024","6/21/2024","6/24/2024","AMZN","AMZN 6/21/2024 Call $190.00","BTO","38","$0.25","($951.14)"
"6/21/2024","6/21/2024","6/24/2024","AMZN","AMZN 6/21/2024 Call $190.00","BTO","1","$0.25","($25.03)"
"6/21/2024","6/21/2024","6/24/2024","SMCI","SMCI 6/21/2024 Call $910.00","STC","1","$7.50","$749.93"
"6/21/2024","6/21/2024","6/24/2024","SMCI","SMCI 6/21/2024 Call $910.00","BTO","1","$13.00","($1,300.03)"
"6/20/2024","6/20/2024","6/20/2024","","External debit card transfer - withdrawal fee","DCF","","","($27.97)"
"6/20/2024","6/20/2024","6/20/2024","","External debit card transfer - account ending in 8441","DCF","","","($1,570.03)"
"6/20/2024","6/20/2024","6/21/2024","SMCI","SMCI 6/21/2024 Call $950.00","STC","1","$56.00","$5,599.80"
"6/18/2024","6/18/2024","6/20/2024","SPY","SPY 6/18/2024 Put $547.00","STC","8","$0.48","$383.72"
"6/18/2024","6/18/2024","6/20/2024","SMCI","SMCI 6/21/2024 Put $875.00","STC","1","$12.00","$1,199.92"
"6/18/2024","6/18/2024","6/20/2024","SMCI","SMCI 6/21/2024 Call $950.00","BTO","1","$17.75","($1,775.03)"
"6/18/2024","6/18/2024","6/20/2024","SPY","SPY 6/18/2024 Put $547.00","BTO","8","$0.82","($656.24)"
"6/18/2024","6/18/2024","6/20/2024","SMCI","SMCI 6/21/2024 Put $875.00","BTO","1","$19.50","($1,950.03)"
"6/17/2024","6/17/2024","6/18/2024","SPY","SPY 6/17/2024 Put $543.00","STC","7","$0.26","$181.76"
"6/17/2024","6/17/2024","6/18/2024","SPY","SPY 6/17/2024 Put $543.00","STC","5","$0.26","$129.83"
"6/17/2024","6/17/2024","6/18/2024","SPY","SPY 6/17/2024 Put $543.00","STC","2","$0.26","$51.92"
"6/17/2024","6/17/2024","6/18/2024","SPY","SPY 6/17/2024 Put $543.00","STC","1","$0.26","$25.95"
"6/17/2024","6/17/2024","6/18/2024","SPY","SPY 6/17/2024 Put $543.00","BTO","1","$0.37","($37.03)"
"6/17/2024","6/17/2024","6/18/2024","SPY","SPY 6/17/2024 Put $543.00","BTO","1","$0.46","($46.03)"
"6/17/2024","6/17/2024","6/18/2024","SPY","SPY 6/17/2024 Put $543.00","BTO","13","$0.58","($754.39)"
"6/17/2024","6/17/2024","6/18/2024","SPY","SPY 6/17/2024 Call $544.00","STC","1","$0.40","$39.95"
"6/17/2024","6/17/2024","6/18/2024","SPY","SPY 6/17/2024 Call $544.00","STC","4","$0.40","$159.86"
"6/17/2024","6/17/2024","6/18/2024","SPY","SPY 6/17/2024 Call $544.00","STC","1","$0.40","$39.95"
"6/17/2024","6/17/2024","6/18/2024","SPY","SPY 6/17/2024 Call $544.00","STC","4","$0.40","$159.86"
"6/17/2024","6/17/2024","6/18/2024","TSLA","TSLA 6/21/2024 Call $190.00","STC","2","$2.07","$413.91"
"6/17/2024","6/17/2024","6/18/2024","AAPL","AAPL 6/21/2024 Call $220.00","STC","2","$1.49","$297.92"
"6/17/2024","6/17/2024","6/18/2024","AAPL","AAPL 6/21/2024 Call $220.00","STC","1","$1.49","$148.95"
"6/17/2024","6/17/2024","6/18/2024","AAPL","AAPL 6/21/2024 Call $220.00","BTO","3","$1.64","($492.09)"
"6/17/2024","6/17/2024","6/18/2024","SPY","SPY 6/17/2024 Call $544.00","BTO","10","$0.49","($490.30)"
"6/17/2024","6/17/2024","6/18/2024","AAPL","AAPL 6/21/2024 Call $220.00","STC","3","$1.49","$446.88"
"6/17/2024","6/17/2024","6/18/2024","AAPL","AAPL 6/21/2024 Call $220.00","BTO","3","$1.59","($477.09)"
"6/17/2024","6/17/2024","6/18/2024","TSLA","TSLA 6/21/2024 Call $190.00","BTO","2","$2.19","($438.06)"
"6/17/2024","6/17/2024","6/18/2024","SPY","SPY 6/17/2024 Call $543.00","STC","12","$0.67","$803.58"
"6/17/2024","6/17/2024","6/18/2024","SPY","SPY 6/17/2024 Call $543.00","STC","13","$0.68","$883.54"
"6/17/2024","6/17/2024","6/18/2024","SPY","SPY 6/17/2024 Call $543.00","BTO","6","$0.55","($330.18)"
"6/17/2024","6/17/2024","6/18/2024","SPY","SPY 6/17/2024 Call $543.00","BTO","19","$0.60","($1,140.57)"
"6/17/2024","6/17/2024","6/18/2024","SPY","SPY 6/17/2024 Put $542.00","STC","10","$0.61","$609.65"
"6/17/2024","6/17/2024","6/18/2024","SPY","SPY 6/17/2024 Put $542.00","BTO","10","$0.73","($730.30)"
"6/14/2024","6/14/2024","6/17/2024","SMCI","SMCI 6/14/2024 Put $850.00","STC","1","$10.20","$1,019.93"
"6/14/2024","6/14/2024","6/17/2024","SMCI","SMCI 6/14/2024 Put $850.00","STC","1","$10.10","$1,009.93"
"6/14/2024","6/14/2024","6/17/2024","SMCI","SMCI 6/14/2024 Put $850.00","BTO","2","$6.60","($1,320.06)"
"6/14/2024","6/14/2024","6/17/2024","SMCI","SMCI 6/14/2024 Call $870.00","STC","1","$6.50","$649.94"
"6/14/2024","6/14/2024","6/17/2024","SMCI","SMCI 6/14/2024 Call $870.00","BTO","1","$9.40","($940.03)"
"6/14/2024","6/14/2024","6/17/2024","SPY","SPY 6/14/2024 Call $541.00","STC","7","$1.06","$741.74"
"6/14/2024","6/14/2024","6/17/2024","SPY","SPY 6/14/2024 Call $541.00","STC","8","$1.11","$887.71"
"6/14/2024","6/14/2024","6/17/2024","SPY","SPY 6/14/2024 Call $541.00","BTO","7","$0.90","($630.21)"
"6/14/2024","6/14/2024","6/17/2024","SPY","SPY 6/14/2024 Call $541.00","BTO","8","$0.90","($720.24)"
"6/13/2024","6/13/2024","6/14/2024","SMCI","SMCI 6/14/2024 Call $885.00","STC","1","$18.50","$1,849.90"
"6/13/2024","6/13/2024","6/14/2024","SPY","SPY 6/13/2024 Put $540.00","STC","3","$0.19","$56.89"
"6/13/2024","6/13/2024","6/14/2024","SMCI","SMCI 6/14/2024 Call $885.00","BTO","1","$12.80","($1,280.03)"
"6/13/2024","6/13/2024","6/14/2024","SMCI","SMCI 6/14/2024 Call $815.00","STC","1","$21.00","$2,099.90"
"6/13/2024","6/13/2024","6/14/2024","SPY","SPY 6/13/2024 Put $540.00","STC","4","$0.85","$339.86"
"6/13/2024","6/13/2024","6/14/2024","SMCI","SMCI 6/14/2024 Call $815.00","BTO","1","$14.20","($1,420.03)"
"6/12/2024","6/12/2024","6/13/2024","SPY","SPY 6/13/2024 Put $540.00","STC","8","$1.26","$1,007.71"
"6/12/2024","6/12/2024","6/13/2024","SPY","SPY 6/13/2024 Call $545.00","STC","7","$0.47","$328.76"
"6/12/2024","6/12/2024","6/13/2024","SPY","SPY 6/13/2024 Call $545.00","STC","1","$0.47","$46.95"
"6/12/2024","6/12/2024","6/13/2024","SPY","SPY 6/13/2024 Call $545.00","STC","5","$0.47","$234.83"
"6/12/2024","6/12/2024","6/13/2024","SPY","SPY 6/13/2024 Put $540.00","BTO","15","$0.80","($1,200.45)"
"6/12/2024","6/12/2024","6/13/2024","SPY","SPY 6/13/2024 Call $545.00","BTO","10","$0.92","($920.30)"
"6/12/2024","6/12/2024","6/13/2024","SPY","SPY 6/13/2024 Put $535.00","STC","11","$0.15","$164.63"
"6/12/2024","6/12/2024","6/13/2024","SPY","SPY 6/13/2024 Put $535.00","STC","2","$0.15","$29.92"
"6/12/2024","6/12/2024","6/13/2024","SPY","SPY 6/13/2024 Put $535.00","STC","1","$0.15","$14.95"
"6/12/2024","6/12/2024","6/13/2024","SPY","SPY 6/13/2024 Put $535.00","STC","6","$0.15","$89.79"
"6/12/2024","6/12/2024","6/13/2024","SPY","SPY 6/13/2024 Put $535.00","BTO","20","$0.29","($580.60)"
"6/12/2024","6/12/2024","6/13/2024","SPY","SPY 6/13/2024 Call $545.00","BTO","3","$0.81","($243.09)"
"6/12/2024","6/12/2024","6/13/2024","SPY","SPY 6/12/2024 Call $536.00","STC","1","$6.60","$659.94"
"6/12/2024","6/12/2024","6/13/2024","GME","GameStop
CUSIP: 36467W109","Sell","50","$28.40","$1,419.97"
"6/12/2024","6/12/2024","6/13/2024","SPY","SPY 6/12/2024 Call $536.00","STC","1","$5.56","$555.94"
"6/11/2024","6/11/2024","6/12/2024","SPY","SPY 6/12/2024 Call $536.00","STC","1","$3.02","$301.95"
"6/11/2024","6/11/2024","6/12/2024","SPY","SPY 6/12/2024 Call $536.00","STC","2","$2.97","$593.91"
"6/11/2024","6/11/2024","6/12/2024","SPY","SPY 6/12/2024 Call $536.00","BTO","5","$1.96","($980.15)"
"6/11/2024","6/11/2024","6/12/2024","SPY","SPY 6/11/2024 Put $531.00","STC","5","$0.21","$104.83"
"6/11/2024","6/11/2024","6/12/2024","SPY","SPY 6/11/2024 Put $531.00","STC","2","$0.21","$41.92"
"6/11/2024","6/11/2024","6/12/2024","SPY","SPY 6/11/2024 Put $531.00","STC","3","$0.21","$62.89"
"6/11/2024","6/11/2024","6/12/2024","GME","GameStop
CUSIP: 36467W109","Buy","50","$25.70","($1,285.13)"
"6/11/2024","6/11/2024","6/12/2024","SPY","SPY 6/11/2024 Put $531.00","BTO","10","$0.49","($490.30)"
"6/11/2024","6/11/2024","6/12/2024","SPY","SPY 6/11/2024 Put $534.00","STC","4","$1.94","$775.84"
"6/11/2024","6/11/2024","6/12/2024","SPY","SPY 6/11/2024 Put $534.00","STC","3","$2.08","$623.88"
"6/11/2024","6/11/2024","6/12/2024","GME","GameStop
CUSIP: 36467W109","Sell","18","$23.18","$417.24"
"6/11/2024","6/11/2024","6/12/2024","SPY","SPY 6/11/2024 Put $534.00","STC","7","$1.10","$769.74"
"6/10/2024","6/10/2024","6/11/2024","GME","GameStop
CUSIP: 36467W109","Buy","18","$24.93","($448.73)"
"6/10/2024","6/10/2024","6/11/2024","SPY","SPY 6/10/2024 Call $535.00","STC","10","$0.44","$439.65"
"6/10/2024","6/10/2024","6/11/2024","SPY","SPY 6/10/2024 Call $535.00","BTO","10","$0.49","($490.30)"
"6/10/2024","6/10/2024","6/11/2024","TUPBQ","TUPPERWARE BRANDS
CUSIP: 899896104","Sell","3","$1.54","$4.64"
"6/10/2024","6/10/2024","6/11/2024","SPY","SPY 6/10/2024 Call $536.00","STC","30","$0.12","$359.00"
"6/10/2024","6/10/2024","6/11/2024","SPY","SPY 6/10/2024 Call $536.00","STC","10","$0.12","$119.66"
"6/10/2024","6/10/2024","6/11/2024","SPY","SPY 6/11/2024 Put $534.00","BTO","4","$0.75","($300.12)"
"6/10/2024","6/10/2024","6/11/2024","SPY","SPY 6/10/2024 Call $536.00","BTO","6","$0.20","($120.18)"
"6/10/2024","6/10/2024","6/11/2024","SPY","SPY 6/10/2024 Call $536.00","BTO","30","$0.20","($600.90)"
"6/10/2024","6/10/2024","6/11/2024","SPY","SPY 6/10/2024 Call $536.00","BTO","1","$0.20","($20.03)"
"6/10/2024","6/10/2024","6/11/2024","SPY","SPY 6/10/2024 Call $536.00","BTO","1","$0.20","($20.03)"
"6/10/2024","6/10/2024","6/11/2024","SPY","SPY 6/10/2024 Call $536.00","BTO","2","$0.20","($40.06)"
"6/10/2024","6/10/2024","6/11/2024","SPY","SPY 6/11/2024 Put $534.00","BTO","10","$0.93","($930.30)"
"6/10/2024","6/10/2024","6/10/2024","","External debit card transfer - account ending in 8441","DCF","","","$2,074.00"
"6/6/2024","6/6/2024","6/7/2024","","ACH Deposit","ACH","","","$25.00"
"6/5/2024","6/5/2024","6/5/2024","","Gold Subscription Fee","GOLD","","","($5.00)"
"5/14/2024","5/14/2024","5/16/2024","TUPBQ","TUPPERWARE BRANDS
CUSIP: 899896104","Buy","3","$1.96","($5.87)"
"5/6/2024","5/6/2024","5/6/2024","","External debit card transfer - account ending in 8441","DCF","","","$10.00"
"5/6/2024","5/6/2024","5/6/2024","","Gold Subscription Fee","GOLD","","","($5.00)"
"4/30/2024","4/30/2024","4/30/2024","","Interest Payment","INT","","","$0.11"
"4/26/2024","4/26/2024","4/29/2024","ACB","Option Expiration for ACB 4/26/2024 Call $9.00","OEXP","1S","",""
"4/24/2024","4/24/2024","4/24/2024","","Instant bank transfer - account ending in 7929","RTP","","","($98.25)"
"4/24/2024","4/24/2024","4/24/2024","","Instant bank transfer - withdrawal fee","RTP","","","($1.75)"
"4/23/2024","4/23/2024","4/24/2024","ACB","ACB 4/26/2024 Call $9.00","BTO","1","$0.09","($9.03)"
"4/22/2024","4/22/2024","4/24/2024","SMFL","SMART FOR LIFE
CUSIP: 83204U608","Sell","25","$3.88","$97.00"
"4/22/2024","4/22/2024","4/24/2024","SMFL","SMART FOR LIFE
CUSIP: 83204U608","Buy","25","$4.09","($102.25)"
"4/19/2024","4/19/2024","4/22/2024","SPY","SPY 4/19/2024 Put $493.00","STC","2","$0.22","$43.92"
"4/19/2024","4/19/2024","4/22/2024","SPY","SPY 4/19/2024 Call $501.00","STC","1","$0.61","$60.95"
"4/19/2024","4/19/2024","4/22/2024","SPY","SPY 4/19/2024 Put $493.00","BTO","2","$0.30","($60.06)"
"4/19/2024","4/19/2024","4/22/2024","SPY","SPY 4/19/2024 Call $501.00","BTO","1","$0.76","($76.03)"
"4/18/2024","4/18/2024","4/19/2024","SPY","SPY 4/18/2024 Put $500.00","STC","1","$0.78","$77.95"
"4/18/2024","4/18/2024","4/19/2024","SPY","SPY 4/18/2024 Put $500.00","STC","1","$0.62","$61.95"
"4/18/2024","4/18/2024","4/19/2024","SPY","SPY 4/18/2024 Put $500.00","BTO","1","$0.40","($40.03)"
"4/18/2024","4/18/2024","4/19/2024","SPY","SPY 4/18/2024 Put $500.00","BTO","1","$0.40","($40.03)"
"4/16/2024","4/16/2024","4/18/2024","CISS","C3is Inc
CUSIP: Y18284201","Sell","55","$1.49","$81.94"
"4/16/2024","4/16/2024","4/18/2024","CISS","C3is Inc
CUSIP: Y18284201","Buy","55","$1.72","($94.56)"
"4/16/2024","4/16/2024","4/17/2024","","ACH Deposit","ACH","","","$100.00"
"4/1/2024","4/1/2024","4/1/2024","","Gold Subscription Fee","GOLD","","","($5.00)"
"3/28/2024","3/28/2024","4/1/2024","SPY","SPY 3/28/2024 Call $527.00","STC","1","$0.03","$2.95"
"3/27/2024","3/27/2024","3/28/2024","SPY","SPY 3/28/2024 Call $527.00","BTO","1","$0.04","($4.03)"
"3/26/2024","3/26/2024","3/27/2024","SPY","Option Expiration for SPY 3/26/2024 Call $522.00","OEXP","5S","",""
"3/26/2024","3/26/2024","3/27/2024","SPY","SPY 3/26/2024 Call $522.00","BTO","5","$0.42","($210.15)"
"3/25/2024","3/25/2024","3/26/2024","NVDA","NVDA 3/28/2024 Put $897.50","STC","1","$2.10","$209.95"
"3/25/2024","3/25/2024","3/26/2024","NVDA","NVDA 3/28/2024 Put $897.50","BTO","1","$2.42","($242.03)"
"3/22/2024","3/22/2024","3/25/2024","SMCI","SMCI 3/22/2024 Call $1,000.00","STC","1","$1.53","$152.95"
"3/22/2024","3/22/2024","3/25/2024","QQQ","QQQ 3/22/2024 Call $447.00","STC","3","$0.30","$89.89"
"3/22/2024","3/22/2024","3/25/2024","QQQ","QQQ 3/22/2024 Call $447.00","BTO","2","$0.47","($94.06)"
"3/22/2024","3/22/2024","3/25/2024","QQQ","QQQ 3/22/2024 Call $447.00","BTO","1","$0.47","($47.03)"
"3/22/2024","3/22/2024","3/25/2024","SMCI","SMCI 3/22/2024 Call $1,000.00","BTO","1","$3.49","($349.03)"
"3/21/2024","3/21/2024","3/22/2024","AVGO","AVGO 3/22/2024 Call $1,425.00","STC","1","$4.90","$489.95"
"3/21/2024","3/21/2024","3/22/2024","AVGO","AVGO 3/22/2024 Call $1,425.00","BTO","1","$1.55","($155.03)"
"3/20/2024","3/20/2024","3/21/2024","SPY","SPY 3/20/2024 Call $520.00","STC","1","$0.51","$50.95"
"3/20/2024","3/20/2024","3/21/2024","SPY","SPY 3/21/2024 Put $515.00","STC","1","$0.34","$33.95"
"3/20/2024","3/20/2024","3/21/2024","SPY","SPY 3/20/2024 Put $515.00","STC","3","$0.19","$56.89"
"3/20/2024","3/20/2024","3/21/2024","SPY","SPY 3/20/2024 Call $520.00","BTO","1","$0.42","($42.03)"
"3/20/2024","3/20/2024","3/21/2024","SPY","SPY 3/20/2024 Put $515.00","BTO","3","$1.01","($303.09)"
"3/20/2024","3/20/2024","3/21/2024","SPY","SPY 3/21/2024 Put $515.00","BTO","1","$1.37","($137.03)"
"3/20/2024","3/20/2024","3/21/2024","","ACH Deposit","ACH","","","$500.00"
"3/27/2023","3/27/2023","3/28/2023","SPY","Option Expiration for SPY 3/27/2023 Call $402.00","OEXP","1S","",""
"3/27/2023","3/27/2023","3/28/2023","SPY","SPY 3/27/2023 Call $402.00","BTO","1","$0.07","($7.00)"
"2/10/2023","2/10/2023","2/13/2023","COIN","Option Expiration for COIN 2/10/2023 Call $82.50","OEXP","1S","",""
"2/8/2023","2/8/2023","2/9/2023","COIN","COIN 2/10/2023 Call $82.50","BTO","1","$0.75","($75.00)"
"2/8/2023","2/8/2023","2/10/2023","AAPL","Apple
CUSIP: 037833100","Sell","0.0349","$153.36","$5.35"
"1/27/2023","1/27/2023","1/30/2023","QQQ","QQQ 1/27/2023 Call $299.00","STC","1","$0.10","$9.98"
"1/27/2023","1/27/2023","1/30/2023","QQQ","QQQ 1/27/2023 Call $299.00","BTO","1","$0.07","($7.00)"
"1/27/2023","1/27/2023","1/30/2023","SPY","SPY 1/27/2023 Put $403.00","STC","1","$0.02","$1.98"
"1/27/2023","1/27/2023","1/30/2023","SPY","SPY 1/27/2023 Put $403.00","BTO","1","$0.19","($19.00)"
"1/27/2023","1/27/2023","1/30/2023","AMZN","AMZN 1/27/2023 Call $101.00","STC","1","$0.65","$64.98"
"1/27/2023","1/27/2023","1/30/2023","AMZN","AMZN 1/27/2023 Call $101.00","BTO","1","$0.44","($44.00)"
"1/27/2023","1/27/2023","1/27/2023","","Instant bank transfer - withdrawal fee","RTP","","","($20.40)"
"1/27/2023","1/27/2023","1/27/2023","","Instant bank transfer - account ending in 7929","RTP","","","($1,339.60)"
"1/26/2023","1/26/2023","1/27/2023","NFLX","NFLX 1/27/2023 Call $362.50","STC","1","$4.40","$439.97"
"1/26/2023","1/26/2023","1/27/2023","XPEV","XPEV 2/3/2023 Call $11.00","STC","5","$0.23","$114.98"
"1/26/2023","1/26/2023","1/27/2023","RIVN","RIVN 1/27/2023 Call $18.00","STC","1","$0.47","$46.98"
"1/26/2023","1/26/2023","1/27/2023","QQQ","QQQ 1/27/2023 Call $293.00","STC","3","$1.14","$341.98"
"1/26/2023","1/26/2023","1/27/2023","QQQ","QQQ 1/27/2023 Call $293.00","BTO","3","$1.36","($408.00)"
"1/26/2023","1/26/2023","1/27/2023","RIVN","RIVN 1/27/2023 Call $18.00","STC","1","$1.40","$139.98"
"1/26/2023","1/26/2023","1/27/2023","RIVN","RIVN 1/27/2023 Call $18.00","STC","1","$1.65","$164.98"
"1/26/2023","1/26/2023","1/27/2023","RIVN","RIVN 1/27/2023 Call $18.00","STC","1","$1.65","$164.98"
"1/25/2023","1/25/2023","1/26/2023","RIVN","RIVN 1/27/2023 Call $18.00","STC","2","$0.97","$193.98"
"1/25/2023","1/25/2023","1/26/2023","RIVN","RIVN 1/27/2023 Call $18.00","STC","2","$0.80","$159.98"
"1/25/2023","1/25/2023","1/26/2023","RIVN","RIVN 1/27/2023 Call $18.00","BTO","8","$0.36","($288.00)"
"1/25/2023","1/25/2023","1/26/2023","SQ","SQ 1/27/2023 Call $90.00","STC","4","$0.02","$7.98"
"1/25/2023","1/25/2023","1/26/2023","SQ","SQ 1/27/2023 Call $90.00","STC","12","$0.02","$23.96"
"1/25/2023","1/25/2023","1/26/2023","SQ","SQ 1/27/2023 Call $90.00","STC","4","$0.02","$7.98"
"1/25/2023","1/25/2023","1/26/2023","SQ","SQ 1/27/2023 Call $90.00","BTO","1","$0.04","($4.00)"
"1/25/2023","1/25/2023","1/26/2023","SQ","SQ 1/27/2023 Call $90.00","BTO","9","$0.04","($36.00)"
"1/24/2023","1/24/2023","1/25/2023","SPY","SPY 1/24/2023 Call $401.00","STC","8","$0.32","$255.97"
"1/24/2023","1/24/2023","1/25/2023","SPY","SPY 1/24/2023 Call $401.00","BTO","8","$0.33","($264.00)"
"1/24/2023","1/24/2023","1/25/2023","QQQ","QQQ 1/25/2023 Call $291.00","STC","3","$0.93","$278.98"
"1/24/2023","1/24/2023","1/25/2023","QQQ","QQQ 1/25/2023 Call $291.00","BTO","1","$1.15","($115.00)"
"1/24/2023","1/24/2023","1/25/2023","AFRM","AFRM 1/27/2023 Call $13.00","STC","1","$1.81","$180.98"
"1/24/2023","1/24/2023","1/25/2023","QQQ","QQQ 1/25/2023 Call $291.00","BTO","1","$1.15","($115.00)"
"1/24/2023","1/24/2023","1/25/2023","QQQ","QQQ 1/25/2023 Call $291.00","STC","1","$1.16","$115.98"
"1/24/2023","1/24/2023","1/25/2023","QQQ","QQQ 1/25/2023 Call $291.00","BTO","2","$1.18","($236.00)"
"1/24/2023","1/24/2023","1/25/2023","XPEV","XPEV 2/3/2023 Call $11.00","BTO","5","$0.18","($90.00)"
"1/24/2023","1/24/2023","1/25/2023","SQ","SQ 1/27/2023 Call $90.00","BTO","5","$0.18","($90.00)"
"1/24/2023","1/24/2023","1/25/2023","SQ","SQ 1/27/2023 Call $90.00","BTO","2","$0.18","($36.00)"
"1/24/2023","1/24/2023","1/25/2023","SQ","SQ 1/27/2023 Call $90.00","BTO","3","$0.18","($54.00)"
"1/24/2023","1/24/2023","1/25/2023","SQ","SQ 1/27/2023 Call $90.00","STC","4","$0.25","$99.98"
"1/24/2023","1/24/2023","1/25/2023","SQ","SQ 1/27/2023 Call $90.00","STC","1","$0.25","$24.98"
"1/24/2023","1/24/2023","1/25/2023","SQ","SQ 1/27/2023 Call $90.00","STC","9","$0.26","$233.97"
"1/24/2023","1/24/2023","1/25/2023","SQ","SQ 1/27/2023 Call $90.00","STC","1","$0.26","$25.98"
"1/23/2023","1/23/2023","1/24/2023","SQ","SQ 1/27/2023 Call $90.00","BTO","5","$0.24","($120.00)"
"1/23/2023","1/23/2023","1/23/2023","","Gold Fee","GOLD","","","($5.00)"
"1/23/2023","1/23/2023","1/24/2023","QQQ","QQQ 1/23/2023 Call $290.00","STC","2","$0.39","$77.98"
"1/23/2023","1/23/2023","1/24/2023","QQQ","QQQ 1/23/2023 Call $290.00","BTO","2","$0.46","($92.00)"
"1/23/2023","1/23/2023","1/24/2023","SPY","SPY 1/23/2023 Put $397.00","STC","10","$0.17","$169.97"
"1/23/2023","1/23/2023","1/24/2023","SPY","SPY 1/23/2023 Put $397.00","BTO","2","$0.31","($62.00)"
"1/23/2023","1/23/2023","1/24/2023","SPY","SPY 1/23/2023 Put $397.00","BTO","1","$0.31","($31.00)"
"1/23/2023","1/23/2023","1/24/2023","SPY","SPY 1/23/2023 Put $397.00","BTO","2","$0.31","($62.00)"
"1/23/2023","1/23/2023","1/24/2023","SPY","SPY 1/23/2023 Put $397.00","BTO","1","$0.31","($31.00)"
"1/23/2023","1/23/2023","1/24/2023","SPY","SPY 1/23/2023 Put $397.00","BTO","4","$0.31","($124.00)"
"1/23/2023","1/23/2023","1/24/2023","SQ","SQ 1/27/2023 Call $90.00","BTO","9","$0.33","($297.00)"
"1/23/2023","1/23/2023","1/24/2023","SQ","SQ 1/27/2023 Call $90.00","BTO","1","$0.33","($33.00)"
"1/20/2023","1/20/2023","1/23/2023","BITO","Option Expiration for BITO 1/20/2023 Call $14.50","OEXP","1S","",""
"1/20/2023","1/20/2023","1/23/2023","IWM","IWM 1/20/2023 Call $183.00","STC","1","$1.67","$166.98"
"1/20/2023","1/20/2023","1/23/2023","IWM","IWM 1/20/2023 Call $183.00","STC","2","$0.96","$191.98"
"1/20/2023","1/20/2023","1/23/2023","OKTA","OKTA 2/17/2023 Call $90.00","STC","1","$0.18","$17.98"
"1/20/2023","1/20/2023","1/23/2023","OKTA","OKTA 2/17/2023 Call $90.00","STC","1","$0.18","$17.98"
"1/20/2023","1/20/2023","1/23/2023","OKTA","OKTA 2/17/2023 Call $90.00","STC","1","$0.18","$17.98"
"1/20/2023","1/20/2023","1/23/2023","OKTA","OKTA 2/17/2023 Call $90.00","STC","1","$0.18","$17.98"
"1/20/2023","1/20/2023","1/23/2023","AFRM","AFRM 1/27/2023 Call $13.00","STC","2","$0.95","$189.98"
"1/20/2023","1/20/2023","1/23/2023","QQQ","QQQ 1/20/2023 Call $279.00","STC","2","$0.53","$105.98"
"1/20/2023","1/20/2023","1/23/2023","QQQ","QQQ 1/20/2023 Call $279.00","BTO","2","$0.69","($138.00)"
"1/20/2023","1/20/2023","1/23/2023","AFRM","AFRM 1/27/2023 Call $13.00","BTO","1","$0.83","($83.00)"
"1/20/2023","1/20/2023","1/23/2023","AFRM","AFRM 1/27/2023 Call $13.00","BTO","1","$0.83","($83.00)"
"1/20/2023","1/20/2023","1/23/2023","AFRM","AFRM 1/27/2023 Call $13.00","BTO","1","$0.83","($83.00)"
"1/20/2023","1/20/2023","1/23/2023","IWM","IWM 1/20/2023 Call $183.00","BTO","2","$0.63","($126.00)"
"1/20/2023","1/20/2023","1/23/2023","IWM","IWM 1/20/2023 Call $183.00","BTO","1","$0.63","($63.00)"
"1/20/2023","1/20/2023","1/23/2023","NFLX","NFLX 1/27/2023 Call $362.50","BTO","1","$2.82","($282.00)"
"1/19/2023","1/19/2023","1/20/2023","QQQ","QQQ 1/19/2023 Call $277.00","STC","1","$0.39","$38.98"
"1/19/2023","1/19/2023","1/20/2023","SPY","SPY 1/20/2023 Put $390.00","STC","1","$1.54","$153.98"
"1/19/2023","1/19/2023","1/20/2023","SPY","SPY 1/20/2023 Put $390.00","STC","1","$2.25","$224.98"
"1/19/2023","1/19/2023","1/20/2023","QQQ","QQQ 1/19/2023 Call $277.00","BTO","1","$0.19","($19.00)"
"1/19/2023","1/19/2023","1/20/2023","QQQ","QQQ 1/19/2023 Call $277.00","STC","5","$0.50","$249.98"
"1/19/2023","1/19/2023","1/20/2023","SPY","SPY 1/20/2023 Put $390.00","STC","1","$2.01","$200.98"
"1/19/2023","1/19/2023","1/20/2023","QQQ","QQQ 1/19/2023 Call $277.00","BTO","3","$1.26","($378.00)"
"1/19/2023","1/19/2023","1/20/2023","QQQ","QQQ 1/19/2023 Call $277.00","BTO","2","$1.26","($252.00)"
"1/18/2023","1/18/2023","1/19/2023","CRWD","CRWD 1/20/2023 Call $105.00","STC","1","$0.62","$61.98"
"1/18/2023","1/18/2023","1/19/2023","CRWD","CRWD 1/20/2023 Call $105.00","STC","1","$0.83","$82.98"
"1/18/2023","1/18/2023","1/19/2023","SPY","SPY 1/20/2023 Put $390.00","BTO","3","$0.49","($147.00)"
"1/18/2023","1/18/2023","1/19/2023","SPY","SPY 1/18/2023 Call $399.00","STC","10","$0.21","$209.97"
"1/18/2023","1/18/2023","1/19/2023","SPY","SPY 1/18/2023 Call $399.00","BTO","7","$0.28","($196.00)"
"1/18/2023","1/18/2023","1/19/2023","SPY","SPY 1/18/2023 Call $399.00","BTO","1","$0.28","($28.00)"
"1/18/2023","1/18/2023","1/19/2023","SPY","SPY 1/18/2023 Call $399.00","BTO","1","$0.28","($28.00)"
"1/18/2023","1/18/2023","1/19/2023","SPY","SPY 1/18/2023 Call $399.00","BTO","1","$0.28","($28.00)"
"1/18/2023","1/18/2023","1/19/2023","MRNA","MRNA 1/20/2023 Call $215.00","STC","1","$0.80","$79.98"
"1/18/2023","1/18/2023","1/19/2023","QQQ","QQQ 1/18/2023 Call $284.00","STC","3","$0.69","$206.98"
"1/18/2023","1/18/2023","1/19/2023","MRNA","MRNA 1/20/2023 Call $215.00","BTO","1","$1.65","($165.00)"
"1/18/2023","1/18/2023","1/19/2023","QQQ","QQQ 1/18/2023 Call $284.00","BTO","3","$0.86","($258.00)"
"1/18/2023","1/18/2023","1/19/2023","OKTA","OKTA 2/17/2023 Call $90.00","BTO","4","$0.62","($248.00)"
"1/17/2023","1/17/2023","1/18/2023","OKTA","OKTA 1/27/2023 Call $90.00","STC","10","$0.08","$79.97"
"1/17/2023","1/17/2023","1/18/2023","CRWD","CRWD 1/20/2023 Call $105.00","STC","1","$1.78","$177.98"
"1/17/2023","1/17/2023","1/18/2023","CRWD","CRWD 1/20/2023 Call $105.00","STC","1","$1.78","$177.98"
"1/17/2023","1/17/2023","1/18/2023","CRWD","CRWD 1/20/2023 Call $105.00","STC","1","$1.78","$177.98"
"1/17/2023","1/17/2023","1/18/2023","QQQ","QQQ 1/17/2023 Call $282.00","STC","2","$0.40","$79.98"
"1/17/2023","1/17/2023","1/18/2023","OKTA","OKTA 1/27/2023 Call $90.00","BTO","1","$0.10","($10.00)"
"1/17/2023","1/17/2023","1/18/2023","OKTA","OKTA 1/27/2023 Call $90.00","BTO","2","$0.07","($14.00)"
"1/17/2023","1/17/2023","1/18/2023","OKTA","OKTA 1/27/2023 Call $90.00","BTO","6","$0.10","($60.00)"
"1/17/2023","1/17/2023","1/18/2023","OKTA","OKTA 1/27/2023 Call $90.00","BTO","1","$0.10","($10.00)"
"1/17/2023","1/17/2023","1/18/2023","QQQ","QQQ 1/17/2023 Call $282.00","STC","1","$1.20","$119.98"
"1/17/2023","1/17/2023","1/18/2023","QQQ","QQQ 1/17/2023 Call $282.00","STC","1","$1.22","$121.98"
"1/17/2023","1/17/2023","1/18/2023","QQQ","QQQ 1/17/2023 Call $282.00","STC","1","$1.22","$121.98"
"1/17/2023","1/17/2023","1/18/2023","BITO","BITO 1/20/2023 Call $14.50","BTO","1","$0.11","($11.00)"
"1/17/2023","1/17/2023","1/18/2023","BA","BA 1/20/2023 Call $227.50","STC","3","$0.14","$41.98"
"1/17/2023","1/17/2023","1/18/2023","CRWD","CRWD 1/20/2023 Call $105.00","BTO","1","$0.91","($91.00)"
"1/17/2023","1/17/2023","1/18/2023","CRWD","CRWD 1/20/2023 Call $105.00","BTO","1","$0.91","($91.00)"
"1/17/2023","1/17/2023","1/18/2023","CRWD","CRWD 1/20/2023 Call $105.00","BTO","3","$0.91","($273.00)"
"1/17/2023","1/17/2023","1/18/2023","QQQ","QQQ 1/17/2023 Call $282.00","BTO","5","$0.46","($230.00)"
"1/13/2023","1/13/2023","1/17/2023","QQQ","QQQ 1/13/2023 Call $277.00","STC","1","$3.63","$362.98"
"1/13/2023","1/13/2023","1/17/2023","QQQ","QQQ 1/13/2023 Call $277.00","STC","1","$2.26","$225.98"
"1/13/2023","1/13/2023","1/17/2023","DKNG","DKNG 1/13/2023 Call $14.00","STC","2","$0.02","$3.98"
"1/13/2023","1/13/2023","1/17/2023","DKNG","DKNG 1/13/2023 Call $14.00","STC","6","$0.02","$11.98"
"1/13/2023","1/13/2023","1/17/2023","DKNG","DKNG 1/13/2023 Call $14.00","STC","3","$0.02","$5.98"
"1/13/2023","1/13/2023","1/17/2023","DKNG","DKNG 1/13/2023 Call $14.00","STC","7","$0.02","$13.97"
"1/13/2023","1/13/2023","1/17/2023","DKNG","DKNG 1/13/2023 Call $14.00","BTO","3","$0.13","($39.00)"
"1/13/2023","1/13/2023","1/17/2023","BA","BA 1/20/2023 Call $227.50","BTO","3","$0.62","($186.00)"
"1/13/2023","1/13/2023","1/17/2023","DKNG","DKNG 1/13/2023 Call $14.00","BTO","15","$0.11","($165.00)"
"1/13/2023","1/13/2023","1/17/2023","QQQ","QQQ 1/13/2023 Call $277.00","BTO","2","$1.19","($238.00)"
"1/13/2023","1/13/2023","1/17/2023","SPY","SPY 1/13/2023 Call $396.00","STC","2","$0.56","$111.98"
"1/13/2023","1/13/2023","1/17/2023","SPY","SPY 1/13/2023 Call $396.00","STC","1","$0.56","$55.98"
"1/13/2023","1/13/2023","1/17/2023","SPY","SPY 1/13/2023 Call $396.00","BTO","3","$0.75","($225.00)"
"1/12/2023","1/12/2023","1/13/2023","SPY","SPY 1/12/2023 Call $396.00","STC","1","$0.98","$97.98"
"1/12/2023","1/12/2023","1/13/2023","SPY","SPY 1/12/2023 Call $396.00","STC","2","$1.35","$269.98"
"1/12/2023","1/12/2023","1/13/2023","SPY","SPY 1/12/2023 Call $396.00","STC","3","$1.59","$476.97"
"1/12/2023","1/12/2023","1/13/2023","SPY","SPY 1/12/2023 Call $396.00","BTO","2","$0.72","($144.00)"
"1/12/2023","1/12/2023","1/13/2023","SPY","SPY 1/12/2023 Call $396.00","BTO","4","$0.78","($312.00)"
"1/11/2023","1/11/2023","1/12/2023","SPY","SPY 1/11/2023 Put $393.00","STC","8","$0.35","$279.97"
"1/11/2023","1/11/2023","1/12/2023","SPY","SPY 1/11/2023 Put $393.00","BTO","1","$0.42","($42.00)"
"1/11/2023","1/11/2023","1/12/2023","SPY","SPY 1/11/2023 Put $393.00","BTO","3","$0.42","($126.00)"
"1/11/2023","1/11/2023","1/12/2023","SPY","SPY 1/11/2023 Put $393.00","BTO","4","$0.42","($168.00)"
"1/11/2023","1/11/2023","1/12/2023","SPY","SPY 1/11/2023 Put $391.00","STC","1","$0.09","$8.98"
"1/11/2023","1/11/2023","1/12/2023","SPY","SPY 1/11/2023 Put $391.00","STC","1","$0.09","$8.98"
"1/11/2023","1/11/2023","1/12/2023","SPY","SPY 1/11/2023 Put $391.00","STC","3","$0.14","$41.98"
"1/11/2023","1/11/2023","1/12/2023","SPY","SPY 1/11/2023 Put $391.00","STC","1","$0.14","$13.98"
"1/11/2023","1/11/2023","1/12/2023","SPY","SPY 1/11/2023 Put $391.00","STC","4","$0.14","$55.98"
"1/11/2023","1/11/2023","1/12/2023","SPY","SPY 1/11/2023 Put $391.00","STC","1","$0.14","$13.98"
"1/11/2023","1/11/2023","1/12/2023","SPY","SPY 1/11/2023 Put $391.00","STC","1","$0.14","$13.98"
"1/11/2023","1/11/2023","1/12/2023","SPY","SPY 1/11/2023 Put $391.00","BTO","5","$0.41","($205.00)"
"1/11/2023","1/11/2023","1/12/2023","SPY","SPY 1/11/2023 Put $391.00","BTO","2","$0.56","($112.00)"
"1/11/2023","1/11/2023","1/12/2023","SPY","SPY 1/11/2023 Put $391.00","BTO","1","$0.69","($69.00)"
"1/11/2023","1/11/2023","1/12/2023","SPY","SPY 1/11/2023 Put $391.00","BTO","1","$0.69","($69.00)"
"1/11/2023","1/11/2023","1/12/2023","SPY","SPY 1/11/2023 Put $391.00","BTO","2","$0.69","($138.00)"
"1/11/2023","1/11/2023","1/12/2023","SPY","SPY 1/11/2023 Put $391.00","BTO","1","$0.69","($69.00)"
"1/10/2023","1/10/2023","1/11/2023","SPY","SPY 1/10/2023 Call $391.00","STC","2","$0.03","$5.98"
"1/10/2023","1/10/2023","1/11/2023","SPY","SPY 1/10/2023 Call $391.00","BTO","1","$0.64","($64.00)"
"1/10/2023","1/10/2023","1/11/2023","SPY","SPY 1/10/2023 Call $391.00","BTO","1","$0.64","($64.00)"
"1/9/2023","1/9/2023","1/10/2023","SPY","SPY 1/9/2023 Call $394.00","STC","5","$0.28","$139.98"
"1/9/2023","1/9/2023","1/10/2023","SPY","SPY 1/9/2023 Call $394.00","BTO","5","$0.38","($190.00)"
"1/6/2023","1/6/2023","1/9/2023","TSLA","TSLA 1/6/2023 Call $110.00","STC","3","$3.25","$974.96"
"1/5/2023","1/5/2023","1/6/2023","TSLA","TSLA 1/6/2023 Call $110.00","BTO","1","$2.40","($240.00)"
"1/5/2023","1/5/2023","1/6/2023","SPY","SPY 1/5/2023 Call $381.00","STC","10","$0.45","$449.96"
"1/5/2023","1/5/2023","1/6/2023","TSLA","TSLA 1/6/2023 Call $110.00","BTO","2","$2.21","($442.00)"
"1/5/2023","1/5/2023","1/6/2023","SPY","SPY 1/5/2023 Call $381.00","BTO","10","$0.58","($580.00)"
"1/5/2023","1/5/2023","1/5/2023","","ACH Deposit","ACH","","","$1,000.00"
"12/30/2022","12/30/2022","1/3/2023","NVDA","Option Expiration for NVDA 12/30/2022 Call $167.50","OEXP","1S","",""
"12/28/2022","12/28/2022","12/29/2022","SPY","Option Expiration for SPY 12/28/2022 Call $384.00","OEXP","12S","",""
"12/28/2022","12/28/2022","12/29/2022","SPY","SPY 12/28/2022 Call $384.00","BTO","7","$0.39","($273.00)"
"12/28/2022","12/28/2022","12/29/2022","SPY","SPY 12/28/2022 Call $384.00","BTO","1","$0.39","($39.00)"
"12/28/2022","12/28/2022","12/29/2022","SPY","SPY 12/28/2022 Call $384.00","BTO","4","$0.39","($156.00)"
"12/28/2022","12/28/2022","12/29/2022","AAPL","AAPL 1/6/2023 Put $125.00","STC","4","$1.06","$423.98"
"12/27/2022","12/27/2022","12/28/2022","AAPL","AAPL 12/30/2022 Call $138.00","STC","3","$0.07","$20.98"
"12/27/2022","12/27/2022","12/28/2022","AAPL","AAPL 1/6/2023 Put $125.00","BTO","4","$1.59","($636.00)"
"12/23/2022","12/23/2022","12/27/2022","AMZN","AMZN 12/23/2022 Call $84.00","STC","1","$1.30","$129.98"
"12/23/2022","12/23/2022","12/27/2022","AMZN","AMZN 12/23/2022 Call $84.00","STC","2","$1.30","$259.98"
"12/23/2022","12/23/2022","12/27/2022","ALLY","ALLY 3/17/2023 Put $20.00","STC","3","$0.90","$269.98"
"12/23/2022","12/23/2022","12/23/2022","","Gold Fee","GOLD","","","($5.00)"
"12/22/2022","12/22/2022","12/23/2022","AMZN","AMZN 12/23/2022 Call $84.00","BTO","3","$0.71","($213.00)"
"12/21/2022","12/21/2022","12/22/2022","AAPL","AAPL 12/30/2022 Call $138.00","BTO","3","$1.63","($489.00)"
"12/21/2022","12/21/2022","12/22/2022","NVDA","NVDA 12/30/2022 Call $167.50","BTO","1","$3.55","($355.00)"
"12/21/2022","12/21/2022","12/22/2022","SPY","SPY 12/21/2022 Put $382.00","STC","10","$0.50","$499.96"
"12/21/2022","12/21/2022","12/22/2022","SPY","SPY 12/21/2022 Put $382.00","BTO","10","$1.00","($1,000.00)"
"12/21/2022","12/21/2022","12/21/2022","","ACH Deposit","ACH","","","$1,000.00"
"12/20/2022","12/20/2022","12/21/2022","SPY","SPY 12/20/2022 Put $378.00","STC","60","$0.07","$419.86"
"12/20/2022","12/20/2022","12/21/2022","SPY","SPY 12/20/2022 Put $378.00","BTO","5","$0.19","($95.00)"
"12/20/2022","12/20/2022","12/21/2022","SPY","SPY 12/20/2022 Put $378.00","BTO","5","$0.19","($95.00)"
"12/20/2022","12/20/2022","12/21/2022","SPY","SPY 12/20/2022 Put $378.00","BTO","2","$0.20","($40.00)"
"12/20/2022","12/20/2022","12/21/2022","SPY","SPY 12/20/2022 Put $378.00","BTO","7","$0.20","($140.00)"
"12/20/2022","12/20/2022","12/21/2022","SPY","SPY 12/20/2022 Put $378.00","BTO","1","$0.20","($20.00)"
"12/20/2022","12/20/2022","12/21/2022","SPY","SPY 12/20/2022 Put $378.00","BTO","10","$0.20","($200.00)"
"12/20/2022","12/20/2022","12/21/2022","SPY","SPY 12/20/2022 Put $378.00","BTO","1","$0.30","($30.00)"
"12/20/2022","12/20/2022","12/21/2022","SPY","SPY 12/20/2022 Put $378.00","BTO","1","$0.30","($30.00)"
"12/20/2022","12/20/2022","12/21/2022","SPY","SPY 12/20/2022 Put $378.00","BTO","11","$0.30","($330.00)"
"12/20/2022","12/20/2022","12/21/2022","SPY","SPY 12/20/2022 Put $378.00","BTO","1","$0.30","($30.00)"
"12/20/2022","12/20/2022","12/21/2022","SPY","SPY 12/20/2022 Put $378.00","BTO","1","$0.30","($30.00)"
"12/20/2022","12/20/2022","12/21/2022","SPY","SPY 12/20/2022 Put $378.00","BTO","15","$0.30","($450.00)"
"12/19/2022","12/19/2022","12/20/2022","ALLY","ALLY 3/17/2023 Put $20.00","BTO","1","$1.03","($103.00)"
"12/19/2022","12/19/2022","12/20/2022","ALLY","ALLY 3/17/2023 Put $20.00","BTO","1","$1.03","($103.00)"
"12/19/2022","12/19/2022","12/20/2022","ALLY","ALLY 3/17/2023 Put $20.00","BTO","1","$1.05","($105.00)"
"12/16/2022","12/16/2022","12/19/2022","SPY","SPY 12/16/2022 Call $390.00","STC","50","$0.02","$99.88"
"12/16/2022","12/16/2022","12/19/2022","SPY","SPY 12/16/2022 Call $390.00","STC","50","$0.02","$99.88"
"12/16/2022","12/16/2022","12/19/2022","SPY","SPY 12/16/2022 Call $390.00","BTO","11","$0.03","($33.00)"
"12/16/2022","12/16/2022","12/19/2022","SPY","SPY 12/16/2022 Call $390.00","BTO","75","$0.03","($225.00)"
"12/16/2022","12/16/2022","12/19/2022","SPY","SPY 12/16/2022 Call $390.00","BTO","14","$0.03","($42.00)"
"12/14/2022","12/14/2022","12/15/2022","SPY","SPY 12/14/2022 Call $410.00","STC","6","$0.04","$23.98"
"12/14/2022","12/14/2022","12/15/2022","SPY","SPY 12/14/2022 Call $410.00","STC","7","$0.04","$27.97"
"12/14/2022","12/14/2022","12/15/2022","SPY","SPY 12/14/2022 Call $410.00","STC","2","$0.04","$7.98"
"12/14/2022","12/14/2022","12/15/2022","SPY","SPY 12/14/2022 Call $410.00","STC","5","$0.04","$19.98"
"12/14/2022","12/14/2022","12/15/2022","SPY","SPY 12/14/2022 Call $410.00","BTO","10","$0.09","($90.00)"
"12/14/2022","12/14/2022","12/15/2022","SPY","SPY 12/14/2022 Call $410.00","BTO","10","$0.47","($470.00)"
"12/13/2022","12/13/2022","12/13/2022","","ACH Withdrawal","ACH","","","($3,000.00)"
"12/13/2022","12/13/2022","12/14/2022","SPY","SPY 12/13/2022 Put $408.00","STC","8","$6.83","$5,463.85"
"12/13/2022","12/13/2022","12/14/2022","SPY","SPY 12/13/2022 Put $408.00","BTO","2","$1.56","($312.00)"
"12/13/2022","12/13/2022","12/14/2022","SPY","SPY 12/13/2022 Put $408.00","BTO","6","$1.82","($1,092.00)"
"12/13/2022","12/13/2022","12/14/2022","MSFT","MSFT 12/16/2022 Call $260.00","STC","1","$5.19","$518.97"
"12/13/2022","12/13/2022","12/14/2022","MSFT","MSFT 12/16/2022 Call $260.00","STC","1","$5.19","$518.97"
"12/12/2022","12/12/2022","12/13/2022","SPY","Option Expiration for SPY 12/12/2022 Put $393.00","OEXP","8S","",""
"12/12/2022","12/12/2022","12/13/2022","MSFT","MSFT 12/16/2022 Call $260.00","BTO","2","$1.79","($358.00)"
"12/12/2022","12/12/2022","12/13/2022","SPY","SPY 12/12/2022 Put $393.00","BTO","2","$1.04","($208.00)"
"12/12/2022","12/12/2022","12/13/2022","SPY","SPY 12/12/2022 Put $393.00","BTO","6","$1.04","($624.00)"
"12/9/2022","12/9/2022","12/12/2022","CGC","Option Expiration for CGC 12/9/2022 Call $6.00","OEXP","25S","",""
"12/9/2022","12/9/2022","12/12/2022","COIN","Option Expiration for COIN 12/9/2022 Call $55.00","OEXP","26S","",""
"12/9/2022","12/9/2022","12/12/2022","BABA","BABA 12/16/2022 Call $100.00","STC","4","$1.14","$455.97"
"12/9/2022","12/9/2022","12/12/2022","NFLX","NFLX 12/9/2022 Call $332.50","STC","1","$0.22","$21.98"
"12/9/2022","12/9/2022","12/12/2022","NFLX","NFLX 12/9/2022 Call $332.50","STC","1","$0.23","$22.98"
"12/9/2022","12/9/2022","12/12/2022","DASH","DASH 12/9/2022 Call $55.00","STC","2","$0.34","$67.98"
"12/9/2022","12/9/2022","12/12/2022","LYFT","LYFT 1/20/2023 Call $10.00","STC","1","$1.32","$131.98"
"12/9/2022","12/9/2022","12/12/2022","HUT","HUT 1/20/2023 Call $1.50","STC","15","$0.05","$74.96"
"12/8/2022","12/8/2022","12/9/2022","SPY","SPY 12/8/2022 Put $395.00","STC","1","$0.47","$46.98"
"12/8/2022","12/8/2022","12/9/2022","SPY","SPY 12/8/2022 Put $395.00","STC","4","$0.47","$187.98"
"12/8/2022","12/8/2022","12/9/2022","SPY","SPY 12/8/2022 Put $395.00","STC","4","$0.47","$187.98"
"12/8/2022","12/8/2022","12/9/2022","SPY","SPY 12/8/2022 Put $395.00","STC","1","$0.47","$46.98"
"12/8/2022","12/8/2022","12/9/2022","SPY","SPY 12/8/2022 Put $395.00","BTO","2","$0.76","($152.00)"
"12/8/2022","12/8/2022","12/9/2022","SPY","SPY 12/8/2022 Put $395.00","BTO","8","$0.76","($608.00)"
"12/8/2022","12/8/2022","12/9/2022","DASH","DASH 12/9/2022 Call $55.00","BTO","1","$0.96","($96.00)"
"12/8/2022","12/8/2022","12/9/2022","DASH","DASH 12/9/2022 Call $55.00","BTO","1","$0.96","($96.00)"
"12/7/2022","12/7/2022","12/8/2022","LYFT","LYFT 1/20/2023 Call $10.00","BTO","1","$1.18","($118.00)"
"12/7/2022","12/7/2022","12/8/2022","SPY","SPY 12/7/2022 Call $396.00","STC","9","$0.26","$233.97"
"12/7/2022","12/7/2022","12/8/2022","SPY","SPY 12/7/2022 Call $396.00","STC","10","$0.26","$259.97"
"12/7/2022","12/7/2022","12/8/2022","SPY","SPY 12/7/2022 Call $396.00","STC","2","$0.26","$51.98"
"12/7/2022","12/7/2022","12/8/2022","SPY","SPY 12/7/2022 Call $396.00","STC","7","$0.26","$181.97"
"12/7/2022","12/7/2022","12/8/2022","SPY","SPY 12/7/2022 Call $396.00","BTO","28","$0.31","($868.00)"
"12/6/2022","12/6/2022","12/6/2022","","ACH Deposit","ACH","","","$1,500.00"
"12/6/2022","12/6/2022","12/7/2022","SPY","SPY 12/6/2022 Call $403.00","STC","5","$0.18","$89.98"
"12/5/2022","12/5/2022","12/6/2022","SPY","Option Expiration for SPY 12/5/2022 Call $407.00","OEXP","120S","",""
"12/5/2022","12/5/2022","12/6/2022","COIN","COIN 12/9/2022 Call $55.00","BTO","2","$0.46","($92.00)"
"12/5/2022","12/5/2022","12/6/2022","COIN","COIN 12/9/2022 Call $55.00","BTO","1","$0.46","($46.00)"
"12/5/2022","12/5/2022","12/6/2022","COIN","COIN 12/9/2022 Call $55.00","BTO","4","$0.46","($184.00)"
"12/5/2022","12/5/2022","12/6/2022","COIN","COIN 12/9/2022 Call $55.00","BTO","1","$0.46","($46.00)"
"12/5/2022","12/5/2022","12/6/2022","COIN","COIN 12/9/2022 Call $55.00","BTO","1","$0.46","($46.00)"
"12/5/2022","12/5/2022","12/6/2022","COIN","COIN 12/9/2022 Call $55.00","BTO","1","$0.46","($46.00)"
"12/5/2022","12/5/2022","12/6/2022","COIN","COIN 12/9/2022 Call $55.00","BTO","2","$0.46","($92.00)"
"12/5/2022","12/5/2022","12/6/2022","COIN","COIN 12/9/2022 Call $55.00","BTO","1","$0.46","($46.00)"
"12/5/2022","12/5/2022","12/6/2022","SPY","SPY 12/6/2022 Call $403.00","BTO","5","$1.03","($515.00)"
"12/5/2022","12/5/2022","12/6/2022","SPY","SPY 12/5/2022 Call $407.00","BTO","13","$0.06","($78.00)"
"12/5/2022","12/5/2022","12/6/2022","SPY","SPY 12/5/2022 Call $407.00","BTO","50","$0.06","($300.00)"
"12/5/2022","12/5/2022","12/6/2022","SPY","SPY 12/5/2022 Call $407.00","BTO","1","$0.06","($6.00)"
"12/5/2022","12/5/2022","12/6/2022","SPY","SPY 12/5/2022 Call $407.00","BTO","1","$0.06","($6.00)"
"12/5/2022","12/5/2022","12/6/2022","SPY","SPY 12/5/2022 Call $407.00","BTO","3","$0.06","($18.00)"
"12/5/2022","12/5/2022","12/6/2022","SPY","SPY 12/5/2022 Call $407.00","BTO","9","$0.06","($54.00)"
"12/5/2022","12/5/2022","12/6/2022","SPY","SPY 12/5/2022 Call $407.00","BTO","3","$0.06","($18.00)"
"12/5/2022","12/5/2022","12/6/2022","SPY","SPY 12/5/2022 Call $407.00","BTO","20","$0.06","($120.00)"
"12/5/2022","12/5/2022","12/6/2022","SPY","SPY 12/5/2022 Call $407.00","BTO","1","$0.06","($6.00)"
"12/5/2022","12/5/2022","12/6/2022","SPY","SPY 12/5/2022 Call $407.00","BTO","19","$0.06","($114.00)"
"12/5/2022","12/5/2022","12/6/2022","COIN","COIN 12/9/2022 Call $55.00","BTO","13","$0.24","($312.00)"
"12/5/2022","12/5/2022","12/6/2022","RIVN","RIVN 12/9/2022 Call $35.00","STC","5","$0.04","$19.98"
"12/5/2022","12/5/2022","12/6/2022","RIVN","RIVN 12/9/2022 Call $35.00","STC","8","$0.04","$31.97"
"12/2/2022","12/2/2022","12/5/2022","CGC","CGC 12/9/2022 Call $6.00","BTO","25","$0.08","($200.00)"
"12/2/2022","12/2/2022","12/5/2022","SPY","SPY 12/2/2022 Call $410.00","STC","10","$0.02","$19.97"
"12/2/2022","12/2/2022","12/2/2022","","ACH Deposit","ACH","","","$1,500.00"
"12/2/2022","12/2/2022","12/5/2022","RIVN","RIVN 12/9/2022 Call $35.00","BTO","13","$0.15","($195.00)"
"12/2/2022","12/2/2022","12/5/2022","HUT","HUT 1/20/2023 Call $1.50","BTO","6","$0.13","($78.00)"
"12/2/2022","12/2/2022","12/5/2022","HUT","HUT 1/20/2023 Call $1.50","BTO","1","$0.13","($13.00)"
"12/2/2022","12/2/2022","12/5/2022","HUT","HUT 1/20/2023 Call $1.50","BTO","2","$0.13","($26.00)"
"12/2/2022","12/2/2022","12/5/2022","HUT","HUT 1/20/2023 Call $1.50","BTO","6","$0.13","($78.00)"
"12/2/2022","12/2/2022","12/5/2022","SPY","SPY 12/2/2022 Put $400.00","STC","1","$0.24","$23.98"
"12/2/2022","12/2/2022","12/5/2022","SPY","SPY 12/2/2022 Put $400.00","STC","2","$0.24","$47.98"
"12/2/2022","12/2/2022","12/5/2022","SPY","SPY 12/2/2022 Put $400.00","STC","2","$0.24","$47.98"
"12/2/2022","12/2/2022","12/5/2022","SPY","SPY 12/2/2022 Put $400.00","STC","4","$0.24","$95.98"
"12/2/2022","12/2/2022","12/5/2022","SPY","SPY 12/2/2022 Put $400.00","STC","1","$0.24","$23.98"
"12/2/2022","12/2/2022","12/5/2022","SPY","SPY 12/2/2022 Put $400.00","BTO","10","$0.62","($620.00)"
"12/2/2022","12/2/2022","12/5/2022","BABA","BABA 12/16/2022 Call $100.00","BTO","4","$1.40","($560.00)"
"12/2/2022","12/2/2022","12/2/2022","","ACH Deposit","ACH","","","$2,000.00"
"12/1/2022","12/1/2022","12/2/2022","SPY","SPY 12/2/2022 Call $410.00","BTO","10","$1.56","($1,560.00)"
"12/1/2022","12/1/2022","12/2/2022","SPY","SPY 12/1/2022 Call $407.00","STC","3","$0.95","$284.98"
"12/1/2022","12/1/2022","12/2/2022","NFLX","NFLX 12/9/2022 Call $332.50","BTO","1","$3.11","($311.00)"
"12/1/2022","12/1/2022","12/2/2022","NFLX","NFLX 12/9/2022 Call $332.50","BTO","1","$3.11","($311.00)"
"11/30/2022","11/30/2022","12/1/2022","SPY","SPY 12/1/2022 Call $407.00","BTO","3","$1.83","($549.00)"
"11/30/2022","11/30/2022","12/1/2022","SPY","SPY 11/30/2022 Put $393.00","STC","5","$0.09","$44.98"
"11/30/2022","11/30/2022","12/1/2022","SPY","SPY 11/30/2022 Put $393.00","STC","4","$0.09","$35.98"
"11/30/2022","11/30/2022","12/1/2022","SPY","SPY 11/30/2022 Put $393.00","STC","3","$0.09","$26.98"
"11/30/2022","11/30/2022","12/1/2022","SPY","SPY 11/30/2022 Put $393.00","STC","9","$0.09","$80.97"
"11/30/2022","11/30/2022","12/1/2022","SPY","SPY 11/30/2022 Put $393.00","STC","3","$0.09","$26.98"
"11/30/2022","11/30/2022","12/1/2022","SPY","SPY 11/30/2022 Put $393.00","STC","4","$0.09","$35.98"
"11/30/2022","11/30/2022","12/1/2022","SPY","SPY 11/30/2022 Put $393.00","STC","7","$0.09","$62.97"
"11/30/2022","11/30/2022","12/1/2022","SPY","SPY 11/30/2022 Put $393.00","BTO","20","$0.39","($780.00)"
"11/30/2022","11/30/2022","12/1/2022","SPY","SPY 11/30/2022 Put $393.00","BTO","5","$0.75","($375.00)"
"11/30/2022","11/30/2022","12/1/2022","SPY","SPY 11/30/2022 Put $393.00","BTO","10","$2.07","($2,070.00)"
"11/25/2022","11/25/2022","11/28/2022","SPY","SPY 11/25/2022 Call $402.00","STC","40","$0.66","$2,639.84"
"11/25/2022","11/25/2022","11/28/2022","SPY","SPY 11/25/2022 Call $402.00","BTO","20","$0.54","($1,080.00)"
"11/25/2022","11/25/2022","11/28/2022","SPY","SPY 11/25/2022 Call $402.00","BTO","10","$0.90","($900.00)"
"11/25/2022","11/25/2022","11/25/2022","","ACH Deposit","ACH","","","$3,000.00"
"11/23/2022","11/23/2022","11/25/2022","SPY","SPY 11/25/2022 Call $402.00","BTO","10","$1.57","($1,570.00)"
"11/23/2022","11/23/2022","11/25/2022","SPY","SPY 11/23/2022 Call $400.00","STC","18","$1.83","$3,293.88"
"11/23/2022","11/23/2022","11/25/2022","SPY","SPY 11/23/2022 Call $400.00","BTO","3","$1.28","($384.00)"
"11/23/2022","11/23/2022","11/25/2022","SPY","SPY 11/23/2022 Call $400.00","BTO","5","$1.28","($640.00)"
"11/23/2022","11/23/2022","11/25/2022","SPY","SPY 11/23/2022 Call $400.00","BTO","1","$1.33","($133.00)"
"11/23/2022","11/23/2022","11/25/2022","SPY","SPY 11/23/2022 Call $400.00","BTO","2","$1.33","($266.00)"
"11/23/2022","11/23/2022","11/25/2022","SPY","SPY 11/23/2022 Call $400.00","BTO","4","$1.33","($532.00)"
"11/23/2022","11/23/2022","11/25/2022","SPY","SPY 11/23/2022 Call $400.00","BTO","3","$1.33","($399.00)"
"11/22/2022","11/22/2022","11/23/2022","SPY","SPY 11/22/2022 Call $396.00","STC","8","$2.90","$2,319.92"
"11/22/2022","11/22/2022","11/23/2022","SPY","SPY 11/22/2022 Call $396.00","BTO","8","$1.09","($872.00)"
"11/22/2022","11/22/2022","11/22/2022","","ACH Deposit","ACH","","","$1,000.00"
"11/10/2022","11/10/2022","11/10/2022","AAPL","Cash Div: R/D 2022-11-07 P/D 2022-11-10 - 0.034924 shares at 0.23","CDIV","","","$0.01"
"10/28/2022","10/28/2022","10/31/2022","TQQQ","Option Expiration for TQQQ 10/28/2022 Call $23.00","OEXP","2S","",""
"10/28/2022","10/28/2022","10/31/2022","SQQQ","Option Expiration for SQQQ 10/28/2022 Call $54.50","OEXP","2S","",""
"10/25/2022","10/25/2022","10/26/2022","TQQQ","TQQQ 10/28/2022 Call $23.00","BTO","2","$0.73","($146.00)"
"10/25/2022","10/25/2022","10/26/2022","TQQQ","TQQQ 10/28/2022 Put $22.00","STC","2","$0.70","$139.98"
"10/25/2022","10/25/2022","10/26/2022","TQQQ","TQQQ 10/28/2022 Put $22.00","BTO","1","$1.03","($103.00)"
"10/25/2022","10/25/2022","10/26/2022","TQQQ","TQQQ 10/28/2022 Put $22.00","BTO","1","$1.03","($103.00)"
"10/24/2022","10/24/2022","10/25/2022","SQQQ","SQQQ 10/28/2022 Call $54.50","BTO","1","$2.83","($283.00)"
"10/24/2022","10/24/2022","10/25/2022","SQQQ","SQQQ 10/28/2022 Call $54.50","BTO","1","$2.83","($283.00)"
"10/24/2022","10/24/2022","10/25/2022","TQQQ","TQQQ 10/28/2022 Call $20.50","STC","5","$1.00","$499.97"
"10/24/2022","10/24/2022","10/25/2022","TQQQ","TQQQ 10/28/2022 Call $20.50","BTO","5","$1.22","($610.00)"
"10/21/2022","10/21/2022","10/24/2022","TQQQ","TQQQ 10/21/2022 Call $20.00","STC","6","$0.57","$341.98"
"10/21/2022","10/21/2022","10/24/2022","TQQQ","TQQQ 10/21/2022 Call $20.00","STC","6","$0.57","$341.98"
"10/21/2022","10/21/2022","10/24/2022","TQQQ","TQQQ 10/21/2022 Call $20.00","STC","1","$0.57","$56.98"
"10/21/2022","10/21/2022","10/24/2022","TQQQ","TQQQ 10/21/2022 Call $20.00","STC","1","$0.57","$56.98"
"10/20/2022","10/20/2022","10/21/2022","SQQQ","SQQQ 10/21/2022 Call $65.00","STC","1","$0.21","$20.98"
"10/19/2022","10/19/2022","10/20/2022","TQQQ","TQQQ 10/21/2022 Call $20.00","BTO","14","$0.64","($896.00)"
"10/17/2022","10/17/2022","10/18/2022","SPY","SPY 10/17/2022 Put $366.00","STC","3","$2.04","$611.97"
"10/17/2022","10/17/2022","10/18/2022","SPY","SPY 10/17/2022 Put $366.00","BTO","3","$1.78","($534.00)"
"10/14/2022","10/14/2022","10/17/2022","TQQQ","Option Expiration for TQQQ 10/14/2022 Call $19.00","OEXP","2S","",""
"10/14/2022","10/14/2022","10/17/2022","SQQQ","SQQQ 10/21/2022 Call $65.00","BTO","1","$3.57","($357.00)"
"10/13/2022","10/13/2022","10/14/2022","TQQQ","TQQQ 10/14/2022 Call $19.00","STC","2","$0.68","$135.98"
"10/13/2022","10/13/2022","10/14/2022","SPY","SPY 10/14/2022 Put $348.00","STC","3","$2.72","$815.97"
"10/13/2022","10/13/2022","10/14/2022","SPY","SPY 10/14/2022 Put $348.00","BTO","3","$3.21","($963.00)"
"10/12/2022","10/12/2022","10/13/2022","SPY","SPY 10/12/2022 Call $358.00","STC","3","$2.13","$638.97"
"10/12/2022","10/12/2022","10/13/2022","SPY","SPY 10/12/2022 Call $358.00","STC","2","$2.13","$425.98"
"10/12/2022","10/12/2022","10/13/2022","SPY","SPY 10/12/2022 Call $358.00","BTO","5","$1.85","($925.00)"
"10/12/2022","10/12/2022","10/12/2022","","ACH Deposit","ACH","","","$1,000.00"
"10/11/2022","10/11/2022","10/12/2022","TQQQ","TQQQ 10/14/2022 Call $19.00","BTO","2","$1.10","($220.00)"
"10/11/2022","10/11/2022","10/12/2022","TQQQ","TQQQ 10/14/2022 Call $19.00","BTO","1","$1.10","($110.00)"
"10/11/2022","10/11/2022","10/12/2022","TQQQ","TQQQ 10/14/2022 Call $19.00","BTO","1","$1.10","($110.00)"
"10/6/2022","10/6/2022","10/7/2022","SQQQ","SQQQ 10/7/2022 Call $53.00","STC","1","$1.40","$139.98"
"10/6/2022","10/6/2022","10/7/2022","SQQQ","SQQQ 10/7/2022 Call $53.00","STC","3","$1.40","$419.98"
"10/6/2022","10/6/2022","10/7/2022","SQQQ","SQQQ 10/7/2022 Call $53.00","BTO","4","$1.52","($608.00)"
"10/6/2022","10/6/2022","10/7/2022","MU","MU 10/7/2022 Call $55.00","STC","2","$0.61","$121.98"
"10/6/2022","10/6/2022","10/7/2022","MU","MU 10/7/2022 Call $55.00","BTO","2","$0.76","($152.00)"
"10/5/2022","10/5/2022","10/6/2022","TQQQ","TQQQ 10/7/2022 Call $22.50","STC","3","$0.87","$260.98"
"10/5/2022","10/5/2022","10/6/2022","TQQQ","TQQQ 10/7/2022 Call $22.50","BTO","1","$0.69","($69.00)"
"10/5/2022","10/5/2022","10/6/2022","TQQQ","TQQQ 10/7/2022 Call $22.50","BTO","1","$0.69","($69.00)"
"10/5/2022","10/5/2022","10/6/2022","TQQQ","TQQQ 10/7/2022 Call $22.50","BTO","1","$0.69","($69.00)"
"10/5/2022","10/5/2022","10/5/2022","AAPL","Apple
CUSIP: 037833100","REC","0.0349","",""
"10/5/2022","10/5/2022","10/5/2022","","ACH Deposit","ACH","","","$600.00"
""
"","","","","","","","","","The data provided is for informational purposes only. Please consult a professional tax service or personal tax advisor if you need instructions on how to calculate cost basis or questions regarding your specific tax situation. Reminder: This data does not include Robinhood Crypto or Robinhood Spending activity."
